1;ACEITE COCINA 250ML;2544;1;MG;2120
2;ACEITE COCINA 500ML;4680;1;MG;3900
3;ACEITE COCINA 900ML;8053,5;1;MG;6825
4;ACEITE COCINA PITUFO X6;8376;6;MG;6980
5;ACEITE PEQUEÑO CORPORAL EKO X12;9204;12;VITORIA;7800
6;ACETAMINOFEN;8401,2;100;MG;7001
7;ACETATO BOLSILLO CARTA;7800;25;VITORIA;6500
8;ACETATO BOLSILLO OFICIO;9000;25;VITORIA;7500
9;ACUARELA ECONOMICA X6;11520;6;VITORIA;9600
10;ADVIL GRIPA X20;29182,58;20;MG;24731
11;ADVIL MAX X20;27169,5;20;MG;23025
12;ADVIL MAX X40;54339;40;MG;46050
13;ADVIL ULTRA X20;27140;20;MG;23000
14;ADVIL ULTRA X40;54280;40;MG;46000
15;AGOGO ATOMICO CONGELANTE;5546;60;MONTEVERDE;4700
16;AGOGO ATOMICO PICANTE;5546;60;MONTEVERDE;4700
17;AGOGO ATOMICO PIÑA NARANJA;5546;60;MONTEVERDE;4700
18;AGOGO GIGANTE;5664;100;MONTEVERDE;4800
19;AGUA OXIGENADA;1593;1;VITORIA;1350
20;AGUILA ROJA 125GR;3363;1;MG;2850
21;AGUA OXIGENADA JGB;3068;1;VARIOS;2600
22;AGUILA ROJA 250GR;5959;1;MG;5050
23;AGUILA ROJA 500GR;12036;1;MG;10200
24;AGUILA ROJA 5L;53100;1;OROSOL;45000
25;AGUILA ROJA PAPELETA;11940;10;MG;9950
26;AGUILA ROJA PERSONAL X24;2190,08;24;MONTEVERDE;1856
27;AGUJA CAPOTERA;2880;25;VITORIA;2400
28;AGUJA OJO DORADO;1440;20;VITORIA;1200
29;AGUJA PAÑO x10;11400;10;VITORIA;9500
30;AJI SOBRES X40;7200;40;VARIOS;6000
31;AJO EL REY 13GR;7736,08;25;MONTEVERDE;6556
32;AJO EL REY 55GR X12;14396;12;OROSOL;12200
33;LA FINA 250GR;3540;12;VITORIA;3000
34;AROMATICA JAIBEL;2808,4;12;VITORIA;2380
35;ALCANCIAS GRANDES X12;9912;12;VITORIA;8400
36;ALCANCIAS PEQUEÑAS X12;6372;12;VITORIA;5400
37;ALCOHOL 1000ML;0;1;MG;0
38;ALCOHOL 120ML;1534;1;MG;1300
39;ALCOHOL 330ML;2360;1;MG;2000
40;ALCOHOL 700ML;4207,2;1;MG;3506
41;ALFILERES CAJA;1440;1;VITORIA;1200
42;ALGODÓN 10GR X12;5625,06;12;MG;4767
43;ALGODÓN 15GR X6;4248;6;MG;3600
44;ALGODÓN 25GR;814,2;1;MG;690
45;ALGODÓN 50GR;1357;1;MG;1150
46;ALGODON POMOS;1372,34;1;MG;1163
47;ALGODON POMOS COLORES;1538,72;1;MG;1304
48;ALKASELTZER EXTREME;27140;60;MG;23000
49;ALKASELTZER X30;19234;30;MG;16300
50;ALKASELTZER X60;38384,22;60;MG;32529
51;ALUMINIO 40M;11210;1;LIDER;9500
52;ALUMINIO 7M;2160;1;MG;1800
53;ALVERJA VERDE SECA X6;7929,6;6;OROSOL;6720
54;ARCHIVADOR 1/2 CARTA;5760;1;VITORIA;4800
55;ARCHIVADOR CARTA;18000;1;VITORIA;15000
56;ARCILLA;480;1;VITORIA;400
57;AREQUIPE SUPERCOCO X6;6611,54;6;MONTEVERDE;5603
58;ARIEL 125GR;1254,34;1;MG;1063
59;ARIEL 225GR;2083,88;1;MG;1766
60;ARIEL 2KG;16284;1;OROSOL;13800
61;ARIEL 450GR;3072,72;1;MG;2604
62;ARIEL 800GR;7670;1;MG;6500
63;AROMATEL 200ML COCO X3;2967,7;3;MG;2515
64;AROMATEL 200ML FLORAL X3;2967,7;3;MG;2515
65;AROMATEL 200ML MANDARINA X3;2967,7;3;MG;2515
66;AROMATEL 200ML MANZANA X3;2967,7;3;MG;2515
67;AROMATEL 400ML;2596;1;OROSOL;2200
68;AROMATICA DE PANELA FRUTAS EXOTICAS;2655;25;OROSOL;2250
69;AROMATICA DE PANELA LIMONCILLO;2902,8;25;OROSOL;2460
70;AROMATICA DE PANELA MARACUYA;2902,8;25;OROSOL;2460
71;AROMATICA DE PANELA YERBABUENA;2655;25;OROSOL;2250
72;AROMATICA TIZANA;1200;20;OROSOL;1000
73;AROMAX DUO X24;9369,2;24;OROSOL;7940
74;ARROZ DIANA;50150;25;OROSOL;42500
75;ARROZ FLOR HUILA;50150;25;OROSOL;42500
76;ARROZ ROA;50150;25;OROSOL;42500
77;ARROZ SUPREMO;47200;25;OROSOL;40000
78;ASPIRINA EFERVESCENTE X25;26550;25;MG;22500
79;ASPIRINA EFERVESCENTE X50;52982;50;MG;44900
80;ATUN ECONOMICO ACEITE;3894;1;MG;3300
81;ATUN ECONOMICO AGUA;3894;1;MG;3300
82;ATUN SOBERANA ACEITE;4743,6;1;OROSOL;4020
83;ATUN SOBERANA AGUA;4743,6;1;OROSOL;4020
84;ATUN VAN CAMPS LOMOS ACEITE;6655,2;1;VARIOS;5640
85;AVENA DON PANCHO 200GR X3;5451,6;3;MONTEVERDE;4620
86;AVENA DON PANCHO 500GR;5380,8;1;MONTEVERDE;4560
87;AVISO SE ARRIENDA PEQUEÑO;1008;20;VITORIA;840
88;AVISO SE VENDE PEQUEÑO;1008;20;VITORIA;840
89;AXION DISCO 150GR x24;22420;24;OROSOL;19000
90;AXION DISCO 150GR X12;11210;12;MG;9500
91;AXION 235GR;2044,94;1;MG;1733
92;BALANCE CLINICAL DAMA;9832,94;18;MG;8333
93;BALANCE CLINICAL HOMBRE;9832,94;18;MG;8333
94;BALANCE DUOS;9676;18;MG;8200
95;BALSO #10;7440;10;VITORIA;6200
96;BALSO #12;9840;10;VITORIA;8200
97;BALSO #20;21120;10;VITORIA;17600
98;BALSO #6;5280;10;VITORIA;4400
99;BALSO #8;6240;10;VITORIA;5200
100;BARRILETE;6690;40;MG;5575
101;BETUN BOWY CAFÉ;10384;12;MG;8800
102;BETUN BOWY NEGRO;10384;12;MG;8800
103;BETUN BOWY NEGRO #2;1964,7;1;MG;1665
104;BIAGI ARTESANO SURTIDO;4248;50;DISNEY;3600
105;BIANCHI AZUL;7552;100;MONTEVERDE;6400
106;BIANCHI AZUL LINEA;6254;24;DISNEY;5300
107;BIANCHI BLANCO;7552;100;MONTEVERDE;6400
108;BIANCHI BLANCO LINEA;6254;24;DISNEY;5300
109;BIANCHI DROPS;8319;12;MONTEVERDE;7050
110;BIC AZUL;5160;12;MG;4300
111;BIC FUCSIA;5160;12;VITORIA;4300
112;BIC MORADO;5160;12;VITORIA;4300
113;BIC NEGRO;5160;12;MG;4300
114;BIC ROJO;5160;12;MG;4300
115;BIC SURTIDO;5160;12;VITORIA;4300
116;BICARBONATO 500GR;5136;1;OROSOL;4280
117;BICARBONATO 55GR X12;7896;12;OROSOL;6580
118;BICARBONATO SOBRES X40;5400;40;VARIOS;4500
119;BIG BOM X48;10000;48;DISNEY;0
120;BILLETE DIDACTICO X50;840;1;VITORIA;700
121;BIOEXPERT;12626;18;MG;10700
122;BISTURI GRANDE;5760;12;VITORIA;4800
123;BISTURI PEQUEÑO;3600;12;VITORIA;3000
124;BLANCOX AROMAS CAJA X12;12201,2;24;MG;10340
125;BLANCOX CAJA X12;11151;12;MG;9450
126;BLANCOX CAJA X24;21712;24;MG;18400
127;BLOCK BOND 28;1980;1;VITORIA;1650
128;BLOCK CARTA BLANCO;1980;1;VITORIA;1650
129;BLOCK CARTA CUADROS;1980;1;VITORIA;1650
130;BLOCK CARTA CUADROS 80H NORMA;2400;1;VITORIA;2000
131;BLOCK DINA-3;3180;1;VITORIA;2650
132;BLOCK DINA-4;1200;1;VITORIA;1000
133;BLOCK EDAD MEDIA;3780;1;VITORIA;3150
134;BLOCK IRIS CARTA;2280;1;VITORIA;1900
135;BLOCK IRIS OFICIO;2640;1;VITORIA;2200
136;BLOCK MANTEQUILLA;2880;1;VITORIA;2400
137;BLOCK MILIMETRADO;1800;1;VITORIA;1500
138;BLOCK OFICIO BLANCO;2352;1;VITORIA;1960
139;BLOCK OFICIO CUADROS;2352;1;VITORIA;1960
140;BLOCK OFICIO CUADROS 80H NORMA;2640;1;VARIOS;2200
141;BLOCK PERGAMINO;4020;1;VITORIA;3350
142;BOCADILLO VELEÑO X36;10440,64;36;MONTEVERDE;8848
143;BOLSA HOLOGRAMADA L X12;31200;12;VITORIA;26000
144;BOLSA HOLOGRAMADA M X12;24000;12;VITORIA;20000
145;BOLSA HOLOGRAMADA S X12;15240;12;VITORIA;12700
146;BOLSA REGALO #3 ;3000;1;VITORIA;2500
147;BOLSA REGALO #4;5280;1;VITORIA;4400
148;BOLSA REGALO #5;7440;1;VITORIA;6200
149;BOLSA REGALO #6;8880;1;VITORIA;7400
150;BOMBILLO FOX X10;12000;10;VARIOS;10000
151;BOMBILLO STARLITE LED 4.5W ;3050;1;MG;2607
152;BOMBILLO STARLITE LED 5W X2;6360;2;MG;5300
153;BOMBILLO STARLITE LED 9W;4187,82;1;OROSOL;3549
154;BONBONBUM BOMBONERA X80;20296;80;DISNEY;17200
155;BONBONBUM FRESA;7434;24;DISNEY;6300
156;BONBONBUM MISTERY;7434;24;DISNEY;6300
157;BONBONBUM SUPERCOCO;6136;24;DISNEY;5200
158;BONBONBUM SUPERHIPERACIDO;5369;24;MONTEVERDE;4550
159;BONBONBUM SURTIDO;7434;24;DISNEY;6300
160;BONFIEST LUA PROMO;64959;16;MG;55050
161;BONFIEST LUA X20;49560;20;VARIOS;42000
162;BONIFICACION;1;1;VARIOS;1
163;BORRADOR DORICOLOR ;8760;24;VITORIA;7300
164;BORRADOR GRANDE;2760;12;VITORIA;2300
165;BORRADOR MIGA DE PAN PELIKAN;16080;24;VITORIA;13400
166;BORRADOR MIGA DE PAN PEQUEÑO;5400;24;VITORIA;4500
167;BORRADOR MIL FIGURAS X35;21000;35;VITORIA;17500
168;BORRADOR PEQUEÑO;2760;24;VITORIA;2300
169;BORRADOR TINTA-LAPIZ;23100;24;VITORIA;19250
170;BOWY LIQUIDO BLANCO;3540;1;MG;3000
171;BOWY LIQUIDO NEGRO;3540;1;MG;3000
172;BOXER 120ML;1980;1;VITORIA;1650
173;BOXER 60ML X6;7200;6;VITORIA;6000
174;BUBBALOO CEREZA;6431;70;MONTEVERDE;5450
175;BUBBALOO FRESA;6431;70;MONTEVERDE;5450
176;BUBBALOO PALETA X20;5144,8;20;MONTEVERDE;4360
177;BUBBALOO SURTIDO;6726;70;OROSOL;5700
178;BUBBALOO SURTIDO.;6327,16;70;OROSOL;5362
179;BUSCAPINA COMPUESTA;34904,4;30;MG;29580
180;BUSCAPINA FEM X24;30708,32;24;MG;26024
181;CAFE SELLO ROJO PAPELETAS;11269;10;MG;9550
182;CAFE SELLO ROJO 500GR;10714,4;1;MG;9080
183;CAJA DE CAUCHOS X6;2220;6;VITORIA;1850
184;CAJA DE CHINCHES X6;6120;6;VITORIA;5100
185;CAJA DE CLIPS X6;3960;6;VITORIA;3300
186;CALCULADORA EATES 12DIGITOS;15480;6;VITORIA;12900
187;CALMIDOL COMPUESTO X24;20024,6;24;MG;16970
188;CALMIDOL COMPUESTO X48;43680,06;48;MG;37017
189;CALMIDOL MAX X24;24780;24;MG;21000
190;CALMIDOL MAX X48;49560;48;MG;42000
191;CANELA ASTILLADA GRANDE X20;16800;20;VARIOS;14000
192;CANELA ASTILLADA MEDIANA X20;10800;20;VARIOS;9000
193;CANELA ASTILLADA PEQUEÑA X40;9600;40;VARIOS;8000
194;CANELA MOLIDA X40;7200;40;VARIOS;6000
195;CANICAS X100;3360;100;VITORIA;2800
196;CARPETA CARTON CARTA;3240;12;VITORIA;2700
197;CARPETA CARTON OFICIO;3240;12;VITORIA;2700
198;CARPETA FUELLE CARTON;1380;1;VITORIA;1150
199;CARPETA FUELLE PLASTICA;3600;1;VITORIA;3000
200;CARPETA LEGAJADORA PLASTICA CART;1920;1;VITORIA;1600
201;CARPETA LEGAJADORA PLASTICA OFIC;1980;1;VITORIA;1650
202;CARPETA LOMO CARTA X5;2220;5;VITORIA;1850
203;CARPETA LOMO OFICIO X5;2400;5;VITORIA;2000
204;CARPETA PRESENTACION CARTA;10800;50;VITORIA;9000
205;CARPETA PRESENTACION OFICIO;10800;50;VITORIA;9000
206;CARTILLA NACHO;4200;50;VITORIA;3500
207;CARTON CARTULINA 1/8;5040;25;VITORIA;4200
208;CARTON CARTULINA PLIEGO;20400;10;VITORIA;17000
209;CARTON PAJA 1/8;7140;25;VITORIA;5950
210;CARTON PAJA 1/2;9600;10;VITORIA;8000
211;CARTON PAJA COLORES;4200;10;VITORIA;3500
212;CARTON PAJA PLIEGO;18600;10;VITORIA;15500
213;CARTON PIEDRA 1/8;5640;10;VITORIA;4700
214;CARTULINA 1/2 PLIEGO;10500;25;VITORIA;8750
215;CARTULINA 1/4 SURTIDA;0;0;VITORIA;0
216;CARTULINA 1/8 BLANCA;10800;100;VITORIA;9000
217;CARTULINA 1/8 SURTIDA;10800;100;VITORIA;9000
218;CARTULINA ACUARELA 1/8;8940;10;VITORIA;7450
219;CARTULINA ARTE X10;1200;10;VITORIA;1000
220;CARTULINA CALIPSO 1/2 SURTIDA;6360;10;VITORIA;5300
221;CARTULINA CALIPSO 1/8 X10;1440;10;VITORIA;1200
222;CARTULINA IRIS 1/2 PLIEGO SURTIDA;4200;25;VITORIA;3500
223;CARTULINA IRIS 1/8 SURTIDA;1560;10;VITORIA;1300
224;CARTULINA NEGRA 1/2 PLIEGO;9000;10;VITORIA;7500
225;CARTULINA NEGRA 1/8;11760;50;VITORIA;9800
226;CARTULINA OPALINA;8260;50;VARIOS;7000
227;CARTULINA PLIEGO;22500;25;VITORIA;18750
228;CARTULINA PLIEGO NEGRA;17400;10;VITORIA;14500
229;CAUCHO GRUESO DE OLLA AMARILLO X6;3600;6;VITORIA;3000
230;CAUCHO GRUESO PARA CABELLO;6600;12;VARIOS;5500
231;CAUCHO OLLA UNIVERSAL;5664;12;VITORIA;4800
232;CAUCHO PARA CABELLO;3420;12;VARIOS;2850
233;CD PRINCO X50;25200;50;VITORIA;21000
234;CEPILLO BAÑO CON BASE;2820;12;LIDER;2350
235;CEPILLO COLGATE;22420;12;MG;19000
236;CEPILLO CORONA;8850;12;MG;7500
237;CEPILLO FLUO CARDENT X12;17712,98;12;MG;15011
238;CEPILLO INFANTIL;10200;12;MG;7550
239;CEPILLO ROPA;1180;1;LIDER;1000
240;CERA BLANCA X6;4637,4;6;MG;3930
241;CERA EGO TIRA X10;10207;10;OROSOL;8650
242;CERA ESCARLATA X6;4720;6;MG;4000
243;CHAO LINEA X6;6143,08;24;DISNEY;5206
244;CHAO LINEA FRESA x6;6143,08;24;DISNEY;5206
245;CHAO LINEA LIMON X6;6254;24;DISNEY;5300
246;CHAO PASTILLAS CEREZA;9676;16;DISNEY;8200
247;CHAO PEPA;4672,8;100;DISNEY;3960
248;CHAO PEPA FRESA;4672,8;100;DISNEY;3960
249;CHAO PEPA LIMON;4672,8;100;DISNEY;3960
250;CHERRY CAFÉ;10089;12;MG;8550
251;CHERRY NEGRO;10053,6;12;MG;8520
252;CHERRY NEGRO #2;2478;1;VITORIA;2100
253;CHICLE BOMBAZO;4602;50;DISNEY;3900
254;CHICLE SPLOT OJOS X60;3110,48;50;DISNEY;2636
255;CHICLETS ADAMS SURTIDO;14042;100;MONTEVERDE;11900
256;CHOCMELO CORAZON X10;12449;10;MONTEVERDE;10550
257;CHOCMELO MINIONS X10;12449;10;MONTEVERDE;10550
258;CHOCMELO PEQUEÑO;8728,46;80;MONTEVERDE;7397
259;CHOCO BREAK;7434;50;MONTEVERDE;6300
260;CHOCO BREAK BALL X50;3186;50;DISNEY;2700
261;CHOCO BREAK BLANCO;4952,46;30;MONTEVERDE;4197
262;CHOCO KRISPIS;7080;8;OROSOL;6000
263;CHOCOLATE CORONA PASTILLAS X32;15045;32;OROSOL;12750
264;CHOCOLATE LA ESPECIAL PASTILLAS X32;17088;32;OROSOL;14240
265;CHOCOLATINA BIANCHI AZUL;7847;12;DISNEY;6650
266;CHOCOLATINA BIANCHI BLANCA;7847;12;DISNEY;6650
267;CHOCOLATINA GOLPE;14691;20;DISNEY;12450
268;CHOCOLATINA JET X35;43129;35;MONTEVERDE;36550
269;CHOCOLATINA JET X50;20532;50;MONTEVERDE;17400
270;CHOCOLATINA JUMBO MANI X24;38232;24;MONTEVERDE;32400
271;CHOCOLATINA MINIJUMBO X24;16402;24;MONTEVERDE;13900
272;CHOCOLATINA MUU LECHE X24;8260;24;VARIOS;7000
273;CHOCOLATINA SUPERCOCO;7847;12;MONTEVERDE;6650
274;CHOCOLORES BLANCA;8024;12;DISNEY;6800
275;CHOCOLORES GOMA;8024;12;DISNEY;6800
276;CHOCOLORES MANI;8024;12;DISNEY;6800
277;CHUPETA TIPITIN CORAZON X25;2950;25;MONTEVERDE;2500
278;CINTA AISLANTE X10;6600;10;VITORIA;5500
279;CINTA ANCHA 100MTS;4800;1;VITORIA;4000
280;CINTA ANCHA 200MTS;6254;1;DISNEY;5300
281;CINTA ANCHA 30M X6;8400;6;VITORIA;7000
282;CINTA ANCHA 40M X6;11520;6;VITORIA;9600
283;CINTA COLBON 30M X6;11040;6;VITORIA;9200
284;CINTA COLBON PEQUEÑA;2640;12;VITORIA;2200
285;"CINTA DISPENSADOR 1"" X12";11760;12;VITORIA;9800
286;"CINTA DISPENSADOR 1/2"" X12";7800;12;VITORIA;6500
287;"CINTA ENMASCARAR 1""";1800;1;VITORIA;1500
288;"CINTA ENMASCARAR 1/2"" X6";6000;6;VITORIA;5000
289;"CINTA ENMASCARAR 2""";3420;1;VITORIA;2850
290;"CINTA ENMASCARAR 3/4"" X6";8640;6;VITORIA;7200
291;CINTA MEDIANA;3600;12;VITORIA;3000
292;CINTA PEQUEÑA;1500;12;VITORIA;1250
293;CLAVO PEQUEÑO X40;7670;40;VARIOS;6500
294;CLUB SOCIAL;3964,8;9;OROSOL;3360
295;CLUB SOCIAL INTEGRAL;3964,8;9;OROSOL;3360
296;CLUB SOCIAL INTEGRAL.;3776;9;OROSOL;3200
297;CLUB SOCIAL QUESO;3967,16;9;OROSOL;3362
298;CLUB SOCIAL.;3894;9;OROSOL;3300
299;COCO RALLADO TIRA;4206,7;40;VARIOS;3565
300;COFFE DELIGHT;6844;100;DISNEY;5800
301;COFFE DELIGHT BLANDO;7021;100;DISNEY;5950
302;COLBON 115GR;3500,4;1;VITORIA;2917
303;COLBON 40GR;1500;1;VITORIA;1250
304;COLBON PEQUEÑO X6;7200;6;VITORIA;6000
305;COLGATE + CEPILLO X6;15935,9;6;MG;13505
306;COLGATE 150 T.A;9155,62;1;MONTEVERDE;7759
307;COLGATE 22 T.A;16284;12;MG;13800
308;COLGATE 60 MENTA X6;16520;6;MG;14000
309;COLGATE 60 T.A;33040;12;MG;28000
310;COLGATE 60 T.A X6;16520;6;MG;14000
311;COLGATE T.A 100GR;4972,8;1;LIDER;4144
312;COLOR 13GR;7457,6;25;OROSOL;6320
313;COLOR 55GR X12;14160;12;OROSOL;12000
314;COLOR BEROL 12X24;5100;1;VITORIA;4250
315;COLOR CORTO RECREO X12;2499,6;1;VITORIA;2083
316;COLOR CORTO X12;2499,6;1;VITORIA;2083
317;COLOR CORTO X12 ECONOMICO;1140;1;VITORIA;950
318;COLOR ECONOMICO LARGO X12;2160;12;VITORIA;1800
319;COLOR LARGO ECONOMICO CAJA AZUL;1500;12;VITORIA;1250
320;COLOR NORMA 12X24;14400;1;VITORIA;12000
321;COLOR OFFIESCO 12X24;6600;12;VITORIA;5500
322;COLOR OFFIESCO JUMBO X12;10200;1;VITORIA;8500
323;COLOR PEQUEÑO EL REY;1513,2;24;OROSOL;1261
324;COLOR RECREO 12X24;5400;1;VITORIA;4500
325;COLOR RECREO 6X12;2940;1;VITORIA;2450
326;COMINO 13GR;7606,28;24;OROSOL;6446
327;COMINO PEQUEÑO EL REY;1427,8;24;OROSOL;1210
328;COMPAS TIRA X6;6840;6;VITORIA;5700
329;COMPAS V-90 ;1440;1;VITORIA;1200
330;CONFETIS;300;1;VITORIA;250
331;CONTAC COLORES 3MT;6240;1;VITORIA;5200
332;CONTAC TRANSPARENTE 3M;6240;1;VITORIA;5200
333;CONTENEDOR J1 *20;9204;20;VARIOS;7800
334;CONTENEDOR SOPA 16 ONZ *20;9027;20;OROSOL;7650
335;CONTENEDOR SOPA 24 ONZ *20;10820,6;20;OROSOL;9170
336;CONTRATO COMPRAVENTA;4720;12;VITORIA;4000
337;COPITOS ECONOMICOS X12;5074;12;VITORIA;4300
338;CORDON PLANO CORTO BLANCO;6726;36;VITORIA;5700
339;CORDON PLANO LARGO BLANCO;10148;36;VITORIA;8600
340;CORDON REDONDO CORTO;7182,66;36;VITORIA;6087
341;CORDON REDONDO LARGO BLANCO;8824,04;36;VITORIA;7478
342;CORRECTOR CINTA;2420;1;VITORIA;2000
343;CORRECTOR ESFERO X6;5445;6;VITORIA;4500
344;CORRECTOR OFFIESCO X6;7080;6;VITORIA;6000
345;CORTAUÑAS GRANDE;14520;12;VITORIA;12000
346;CORTAUÑAS PEQUEÑO X24;14520;24;VITORIA;12000
347;COSEDORA MEDIANA;5324;1;VITORIA;4400
348;CRAYON ESCOLAR X12;1652;1;VITORIA;1400
349;CREMA #4;6490;1;VITORIA;5500
350;CREMA DE LIMON;2950;12;VITORIA;2500
351;CREOLINA 120ML;1472,57;1;LIDER;1217
352;CREOLINA 240ML;1998,92;1;LIDER;1652
353;CRM YODORA 12G X6;13852,02;6;VITORIA;11739
354;CRM YODORA 32G OFERTX2;12415,96;2;VITORIA;10522
355;CUADERNO 100H GRAPADO X6;7865;6;VITORIA;6500
356;CUADERNO 50H GRAPADO X6;5082;6;VITORIA;4200
357;CUADERNO 7 MATERIAS DAMA;10030;1;VITORIA;8500
358;CUADERNO ARGOLLADO 80H;2178;1;VITORIA;1800
359;CUADERNO ARGOLLADO GRANDE;3025;1;VITORIA;2500
360;CUADERNO COSIDO 100H STICKER X6;15972;6;VITORIA;13200
361;CUADERNO COSIDO 100H X6;10890;6;VITORIA;9000
362;CUADERNO COSIDO 50H STICKER X6;13068;6;VITORIA;10800
363;CUADERNO COSIDO 50H X6;7260;6;VITORIA;6000
364;CUADERNO COSIDO FERROCARRIL X6;10587,5;6;VITORIA;8750
365;CUADERNO FERROCARRIL;1714,57;1;VITORIA;1417
366;CUADERNO GRAP 100H STICK X6;8016,25;6;VITORIA;6625
367;CUCHARA GRANDE X100;3630;100;LIDER;3000
368;CUCHARA GRANDE X20;1089;20;LIDER;900
369;CUCHARA PEQ X100;2178;100;LIDER;1800
370;CUCHARA PEQ X20;968;20;LIDER;800
371;CUCHILLO X100;3051,62;100;LIDER;2522
372;CUCHILLO X20;1028,5;20;LIDER;850
373;CUENTOS PARA COLOREAR X3;2722,5;6;VITORIA;2250
374;CURAS CUREBAND;6836,5;100;MG;5650
375;CURAS INFANTIL;6490;40;MG;5500
376;CURAS MEDICURE;4720;100;MG;4000
377;DELINEADOR LUZETTE NEGRO;4838;1;VITORIA;4100
378;DEPILADORES ESTAMPADOS X12;7865;12;VITORIA;6500
379;DEPILADORES MEREJE;4840;12;VITORIA;4000
380;DERSA 125GR;897,98;12;MG;761
381;DERSA 250GR;1740,5;12;MG;1475
382;DERSA 500GR;2836,72;1;MG;2404
383;DERSA LIQUIDO 400ML;2926,4;1;OROSOL;2480
384;DESENGRASANTE MAGISTRAL X2;8209,26;1;MG;6957
385;DESMENUZADO DOÑA GALLINA;6088,8;36;OROSOL;5160
386;DESMENUZADO KNORR COSTILLA X24;6832,2;30;MG;5790
387;DESMENUZADO KNORR GALLINA X30;8909;30;MG;7550
388;DESMENUZADO MAGGI;11080,2;36;OROSOL;9390
389;DESMENUZADO RICOSTILLA;11564;36;OROSOL;9800
390;DISTRAN TRIPLE X24;17700;24;MG;15000
391;DISTRAN TRIPLE X48;35400;48;MG;30000
392;DOLEX ACETAMINOFEN X100;50965,38;100;MG;43191
393;DOLEX ACETAMINOFEN X50;25482,1;50;MG;21595
394;DOLEX ACTIVGEL X50;39108,74;50;MG;33143
395;DOLEX FORTE X24;26904;24;MG;22800
396;DOLEX FORTE X48;53690;48;MG;45500
397;DOLEX GRIPA X100;82600;100;MG;70000
398;DOLEX GRIPA X50;41300;50;MG;35000
399;DORCO HOJAS;10560;1;VARIOS;8800
400;DOVE ACONDICIONADOR;11800;18;MG;10000
401;DOVE DESODORANTE;6597,38;10;MG;5591
402;DOVE SHAMPOO;12390;18;MG;10500
403;DULCE ANIS;4366;100;DISNEY;3700
404;DULCE SUPERCOCO X100;8732;100;DISNEY;7400
405;DURAFEX MUSCULAR;9440;6;VARIOS;8000
406;DVD PRINCO X50;22800;50;VITORIA;19000
407;ELITE DUO X20;26172,4;20;OROSOL;22180
408;ELITE MAXI ROJO X12;20030,5;12;OROSOL;16975
409;ELITE MAXI ROJO X24;40061;30;OROSOL;33950
410;ENCENDEDOR MINI BIC;19470;15;MG;16500
411;ENCENDEDOR SMART;14160;25;MG;12000
412;ENCENDEDOR TOKAI;25960;25;MG;22000
413;ENCENDEDOR WIN;11210;25;MG;9500
414;ENCENDEDOR WIN ELECTRICO;11092;25;MG;9400
415;ENCRESPADOR ECONOMICO X12;14400;12;VITORIA;12000
416;ESCARCHA MURANO X12;2880;12;VITORIA;2400
417;ESCARCHA SOBRES X50;3600;50;VITORIA;3000
418;ESCARCHA TUBO X12;2160;12;VITORIA;1800
419;ESCOBA DURA;3300;1;LIDER;2750
420;ESCOBA SUPERIOR;3840;1;LIDER;3200
421;ESCOBA SUAVE;3300;1;LIDER;2750
422;ESCUADRA 45*32CM;2400;1;LIDER;2000
423;ESCUADRA 60*32CM;2400;1;LIDER;2000
424;ESFERO ESCARCHADO X12;8280;12;VITORIA;6900
425;ESFERO OFFIESCO NEGRO;5400;12;VITORIA;4500
426;ESFERO OFFIESCO RT NEGRO;6480;12;VITORIA;5400
427;ESFERO OFFIESCO SURTIDO;5310;12;VITORIA;4500
428;ESMALTE VOGUE;2655;1;VITORIA;2250
429;ESPEJO BOLSILLO X12;6480;12;VITORIA;5400
430;ESPERMA LARGA BLANCA X12;2868;12;VARIOS;2390
431;ESPONJA DOBLE USO;8400;24;MG;7000
432;ESPONJA ORO PLATA;7488;12;MG;6240
433;ESPONJILLA ALAMBRE;5400;24;MG;4500
434;ESPONJILLA BOMBRIL X16;3075,6;16;MG;2563
435;ESPONJILLA BRILLO X40;7800;40;MG;6500
436;ESPONJILLA SABRA;6600;36;MG;5500
437;FAB 100GR;861,4;1;MG;730
438;FAB 225GR;1726,34;1;MG;1463
439;FAB 2KG;14160;1;OROSOL;12000
440;FAB 450GR;3073,9;1;MG;2605
441;FAB 850GR;7541,38;1;MG;6391
442;FAB LIQUIDO 300ML;2596;1;MG;2200
443;FABER CASTEL HB;15360;12;VITORIA;12800
444;FABER CASTEL NEGRO;7920;12;VITORIA;6600
445;FABER CASTEL ROJO;7920;12;VITORIA;6600
446;FABULOSO BEBE X3;3068;3;MG;2600
447;FABULOSO CLORO X3;3068;3;MG;2600
448;FABULOSO FLORAL X3;3068;3;MG;2600
449;FABULOSO LAVANDA X3;3068;3;MG;2600
450;FABULOSO MANZANA X3;3068;3;MG;2600
451;FACTURERO AUTOCOPIANTE;2040;1;VITORIA;1700
452;FACTURERO MEDIANO X12;6048;12;VITORIA;5040
453;FACTURERO PEQUEÑO X12;5472;12;VITORIA;4560
454;FAMILIA FAMILIAR X12;11210;12;OROSOL;9500
455;FAMILIA MEGA ROLLO X12;20744,4;12;VARIOS;17580
456;FAMILIA MEGA ROLLO X24;40214,4;24;VARIOS;34080
457;FECULA FARINA X6;8118,4;6;OROSOL;6880
458;FELPA PARA CD;5300,4;100;VITORIA;4417
459;FESTIVAL X4 CHOCOLATE;6050;12;MONTEVERDE;5500
460;FESTIVAL X4 FRESA;6050;12;MONTEVERDE;5500
461;FESTIVAL X4 LIMON;6050;12;MONTEVERDE;5500
462;FESTIVAL X4 VAINILLA;6050;12;MONTEVERDE;5500
463;FESTIVAL X6 CHOCOLATE;7590;12;MONTEVERDE;6900
464;FESTIVAL X6 COCO;7590;12;MONTEVERDE;6900
465;FESTIVAL X6 FRESA;7590;12;MONTEVERDE;6900
466;FESTIVAL X6 LIMON;7590;12;MONTEVERDE;6900
467;FESTIVAL X6 VAINILLA;7590;12;MONTEVERDE;6900
468;FICHA BIBLIOGRAFICA X100;1740;100;VITORIA;1450
469;FICHA BIBLIOGRAFICA X50;960;50;VITORIA;800
470;FICHAS PARQUES X4;1020;1;VITORIA;850
471;FICHAS PARQUES X6;1200;1;VITORIA;1000
472;FLAUTA BLANCA;1200;1;VITORIA;1000
473;FLUO CARDENT + CEPILLO X12;24638,4;12;MG;20880
474;FLUO CARDENT + CEPILLO X6;11800;6;MG;10000
475;FOMI 1/8;3993;10;VITORIA;3300
476;FOMI CARTA;2640;10;VITORIA;2200
477;FOMI ESCARCHADO 1/8;7800;10;VITORIA;6500
478;FORRO GRANDE X10;3500,4;10;VITORIA;2917
479;FORRO PEQUEÑO X10;2499,6;10;VITORIA;2083
480;FOSFORO EL REY;6537,2;40;OROSOL;5540
481;FOSFORO EL SOL X2;1958,8;2;OROSOL;1660
482;FOSFORO MADERA REFUEGO X2;2301;2;OROSOL;1950
483;FOSFORO REFUEGO;5711,2;40;OROSOL;4840
484;FRASCO COPROLOGICO X50;11800;50;VITORIA;10000
485;FRASCO MUESTRA ORINA X50;11800;50;VITORIA;10000
486;FRIJOL BOLA ROJA X3;14514;3;OROSOL;12300
487;FROOD LOOPS;7186,2;8;OROSOL;6090
488;FRUNAS BALL;6254;70;DISNEY;5300
489;FRUNAS BARRA PLANA XL;7375;24;DISNEY;6250
490;FRUNAS ORIGINAL X32;6372;24;DISNEY;5400
491;FRUNAS TUBO;4366;50;DISNEY;3700
492;FRUNAS XL X30 UND;7552;30;DISNEY;6400
493;FRUTICAS LOVE CANDY;3658;50;MONTEVERDE;3100
494;FRUTIÑO SURTIDO X24;10030;24;OROSOL;8500
495;GALLETA BRIDGE X10;3894;10;MONTEVERDE;3300
496;GALLETA CAPRI VAINILLA;3363;24;MONTEVERDE;2850
497;GALLETA LECHE NOEL X21;3422;21;MONTEVERDE;2900
498;GALLETA MILO X4;6903;12;MONTEVERDE;5850
499;GALLETA MILO X6;8555;12;MONTEVERDE;7250
500;GALLETA MILO ANILLOS X6;10241,22;16;MONTEVERDE;8679
501;GALLETA MINI OREO X6;7788;6;DISNEY;6600
502;GALLETA MUU LECHE;2419;18;MONTEVERDE;2050
503;GALLETA OREO;7021;12;MONTEVERDE;5950
504;GALLETA OREO X6;5487;6;OROSOL;4650
505;GALLETA OREO.;6844;12;OROSOL;5800
506;GALLETA TOSH AJONJOLI;5428;9;MONTEVERDE;4600
507;GALLETA TOSH FUSION DE CEREALES;5428;9;MONTEVERDE;4600
508;GALLETA TOSH MIEL;5428;9;MONTEVERDE;4600
509;GALLETA WAFER X18;6254;18;MONTEVERDE;5300
510;GANCHO ADESIVO PEQUEÑO;9776,8;0;VITORIA;8080
511;GANCHO COSEDORA;2843,5;1;VITORIA;2350
512;GANCHO INVISIBLE;1754,5;1;VITORIA;1450
513;GANCHO LEGAJADOR METALICO;1815;20;VITORIA;1500
514;GANCHO LEGAJADOR PLASTICO;2420;20;VITORIA;2000
515;GANCHO NODRIZA DORADO;1210;1;VITORIA;1000
516;GARBANZO LIBRA X3;7695,96;6;OROSOL;6522
517;GASA 1/2 X12;5310;12;VITORIA;4500
518;GEL EGO SOBRES X15;10802,9;15;OROSOL;9155
519;GEL EGO TARRITO PEQUEÑO;2124;1;OROSOL;1800
520;GEL EGO TIRA X10;6112,4;10;OROSOL;5180
521;GELATINA DE PATA X24;2401,3;24;MONTEVERDE;2035
522;GELATINA GEL'HADA X6;6945,48;6;MONTEVERDE;5886
523;GELATINA PAYASO X40;24213,6;40;MONTEVERDE;20520
524;GELATINA REPUESTO X20;8968;20;MONTEVERDE;7600
525;GILLETTE 2 HOJAS;28401,42;12;MG;24069
526;GILLETTE 3 HOJAS;36745,2;10;MG;31140
527;GLACITAS CHOCOLATE;3304;6;MONTEVERDE;2800
528;GLACITAS FRESA;3304;6;MONTEVERDE;2800
529;GLACITAS LIMON;3304;6;MONTEVERDE;2800
530;GLACITAS NIEVE;3304;6;MONTEVERDE;2800
531;GLACITAS TOFFE;3304;6;MONTEVERDE;2800
532;GLOBO CORAZON X12;4200;12;VITORIA;3500
533;GLOBO CORAZON X50;16200;50;VITORIA;13500
534;GLOBO R-12 X12;3600;12;VITORIA;3000
535;GLOBO R-12 X12 CUMPLEAÑOS;3600;12;VITORIA;3000
536;GLOBO R-12 X50;9840;50;VITORIA;8200
537;GLOBO R-9 X12;1599,6;12;VITORIA;1333
538;GLOBO R-9 X50;5900,4;50;VITORIA;4917
539;GOMAS PLAY ANIMALES;8437;100;DISNEY;7150
540;GRISSLY ANILLOS;11210;100;DISNEY;9500
541;GRISSLY BOA SPLASH;12567;25;DISNEY;10650
542;GRISSLY CHOCO SPLASH;10266;50;DISNEY;8700
543;GRISSLY GUSANOS XL;9684,26;200;DISNEY;8207
544;GRISSLY SPLASH;11210;100;DISNEY;9500
545;GRISSLY SPLASH ACID;9440;100;DISNEY;8000
546;GUANTE BICOLOR TLL 7;3120;1;LIDER;2600
547;GUANTE BICOLOR TLL 7 1/2;3120;1;LIDER;2600
548;GUANTE BICOLOR TLL 8;3120;1;LIDER;2600
549;GUANTE BICOLOR TLL 8 1/2;3120;1;LIDER;2600
550;GUANTE BICOLOR TLL 9;3120;1;LIDER;2600
551;GUANTE CIRUGIA;54000;100;LIDER;45000
552;GUANTE CORRUGADO;3776;1;LIDER;3200
553;GUANTE DOM TLL 7;2880;1;LIDER;2400
554;GUANTE DOM TLL 7 1/2;2880;1;LIDER;2400
555;GUANTE DOM TLL 8;2880;1;LIDER;2400
556;GUANTE DOM TLL 8 1/2;2880;1;LIDER;2400
557;GUANTE DOM TLL 9;2880;1;LIDER;2400
558;GUANTE NITRILO;76800;50;LIDER;64000
559;GUANTE NITRILO NEGRO;76800;50;LIDER;64000
560;GUANTES MANIPULACIÓN;3000;100;LIDER;2500
561;HALLS BARRA CEREZA;11387;12;MONTEVERDE;9650
562;HALLS BARRA FRUIT MIX;11387;12;MONTEVERDE;9650
563;HALLS BARRA NEGRO;11387;12;MONTEVERDE;9650
564;HALLS BARRA NEGRO.;10738;12;MONTEVERDE;9100
565;HALLS BARRA SURTIDO;11387;12;MONTEVERDE;9650
566;HALLS BARRA SURTIDO.;11092;12;MONTEVERDE;9400
567;HALLS PEPA NEGRO;8614;100;MONTEVERDE;7300
568;HALLS PEPA NEGRO.;8614;100;MONTEVERDE;7300
569;HALLS PEPA SURTIDO;8732;100;MONTEVERDE;7400
570;HALLS PEPA SURTIDO.;8732;100;MONTEVERDE;7400
571;HARINA AREPA AREPA LIBRA;1652;1;MONTEVERDE;1400
572;HARINA DE TRIGO ECONOMICA;1652;1;OROSOL;1400
573;HARINA HAZ DE OROS LIBRA X3;5911,8;3;OROSOL;5010
574;HARINA PAN BLANCA 500GR;2179,46;1;MONTEVERDE;1847
575;HILO CHINO SURTIDO X12;5445;12;VARIOS;4500
576;HILO COBRA X12;4719;12;VARIOS;3900
577;HOJA ACETATO CARTA;16698;50;VITORIA;13800
578;HOJA DE VIDA 1000;5664;20;VITORIA;4800
579;HOJA DE VIDA 1003;6053,4;20;VITORIA;5130
580;HOJA KIMBERLY AMARILLA X100;10638,32;100;VITORIA;8792
581;HOJAS EXAMEN X100;7260;100;VITORIA;6000
582;HUELLERO PEQUEÑO;1815;1;VITORIA;1500
583;HYS COCO SACHETON;7018;1;VITORIA;5800
584;HYS 2 EN 1 SACHETON;6844;12;MG;5800
585;HYS 400ML;15340;1;VARIOS;13000
586;HYS LIMPIEZA SACHETON;6844;12;MG;5800
587;IBUFLASH x4;5808;6;VARIOS;4800
588;IBUPROFENO GENFAR;11800;50;VITORIA;10000
589;IBUPROFENO MK;7788;30;MG;6600
590;IBUPROFENO MK GEL;20296;30;MG;17200
591;JABON 3D 125GR;862,58;1;MG;731
592;JABON 3D 250GR;1652;1;MG;1400
593;JABON 3D 500GR;2637,3;1;MG;2235
594;JABON CAMAY X3;4720;3;VARIOS;4000
595;JABON JOHNSON BABY X3;6136;3;MG;5200
596;JABON JOHNSON X3;5074;3;MG;4300
597;JABON LUX X3;5251;3;MG;4450
598;JABON PALMOLIVE X3;6018;3;MG;5100
599;JABON REXONA X3;5406,76;3;MG;4582
600;JABON REY CAJA X25;39695,2;25;OROSOL;33640
601;JERINGA 10CM X50;15427,5;50;OROSOL;12750
602;JERINGA 5CM X50;12100;50;VITORIA;10000
603;JET BURBUJA X12;5758,4;12;MONTEVERDE;4880
604;JUEGO GEOMETRICO;2420;1;VITORIA;2000
605;KILOMETRICO AZUL;6050;12;VITORIA;5000
606;KILOMETRICO FUCSIA;6050;12;VITORIA;5000
607;KILOMETRICO NEGRO;6050;12;VITORIA;5000
608;KILOMETRICO ROJO;6050;12;VITORIA;5000
609;KILOMETRICO RT NEGRO;8712;12;VITORIA;7200
610;KILOMETRICO RT ROJO;8470;1;VITORIA;7000
611;KILOMETRICO TURQUESA;5445;12;VITORIA;4500
612;KILOMETRICO VIOLETA;5445;12;VITORIA;4500
613;KONZIL 2 EN 1;8024;18;MG;6800
614;KONZIL ACONDICIONADOR;7740,8;18;MG;6560
615;KONZIL CREMA;8024;18;MG;6800
616;KONZIL RENOVACION;8024;18;MG;6800
617;KONZIL SHAMPO;8024;18;MG;6800
618;KOTEX ALAS x10;2950;1;MG;2500
619;KOTEX DISP;11275,2;30;MG;9396
620;KOTEX NORMAL X10;2880;1;MG;2400
621;LA FINA 125GR x10;17936;10;MONTEVERDE;15200
622;LA FINA 125GR x20;36462;20;MONTEVERDE;30900
623;LA PREFERIDA 125GR X20;23600;20;OROSOL;20000
624;LABIAL MAGICO X12;9204;12;VITORIA;7800
625;LADY COLAPXIBLE;2596;1;MG;2200
626;LADY SPEED STICK CLINICAL;11340,98;18;MG;9611
627;LADY SPEED STICK CREMA;11340,98;18;MG;9611
628;LADY SPEED STICK GEL;11918;18;MG;10100
629;LAMINAS EDUCATICAS;0;0;VITORIA;0
630;LANA ESCOLAR SURTIDA X12;4840;12;VITORIA;4000
631;LAPIZ BIC;5142,5;12;VITORIA;4250
632;LAPIZ CARBONCILLO;1391,5;1;VITORIA;1150
633;LAPIZ KORES JUMBO NEGRO;12705;1;VITORIA;10500
634;LAPIZ KORES NEGRO;4477;12;VITORIA;3700
635;LAPIZ KORES ROJO;7260;12;VITORIA;6000
636;LAPIZ MARIPOSA X12;17424;12;VITORIA;14400
637;LAPIZ MARIPOSA X6;8712;6;VITORIA;7200
638;LAPIZ MIRADO NEGRO;8288,5;12;VITORIA;6850
639;LAPIZ MIRADO NEGRO DISEÑOS;8470;12;VITORIA;7000
640;LAPIZ MIRADO ROJO;9680;12;VITORIA;8000
641;LAPIZ OFFIESCO DUPLO;4840;12;VITORIA;4000
642;LAPIZ OFFIESCO NEGRO;3630;12;VITORIA;3000
643;LAPIZ OFFIESCO ROJO;4791,6;12;VITORIA;3960
644;LAZO DE SALTAR CORTO;1200;1;VITORIA;1000
645;LENTEJA LIBRA;2938,2;1;VARIOS;2490
646;LENTEJUELAS X12;5566;12;OROSOL;4600
647;LETRERO SE ARRIENDA;1996,5;10;VITORIA;1650
648;LIBRO PARA COLOREAR;968;1;VITORIA;800
649;LIMAS ACOLCHADAS X12;7502;12;VITORIA;6200
650;LIMAS X12;1936;12;VITORIA;1600
651;LIMPIA PIPAS SURTIDO;6413;10;VITORIA;5300
652;LLUVIA DE SOBRES X12;7260;12;VITORIA;6000
653;LOKIÑO CHICLE BOMBA X50;4484;1;DISNEY;3800
654;LOKIÑO DULCE X100;5192;100;MONTEVERDE;4400
655;LOKIÑO LINEA;5487;24;DISNEY;4650
656;LOZA CREAM 150GR X6;6286,8;6;MG;5239
657;LUMBAL TABLETAS X24;20945;24;MONTEVERDE;17750
658;MADEJA DE PITA;2238,5;20;VITORIA;1850
659;MAGGI CUBOS X54;19977,4;54;OROSOL;16930
660;MAIZ PIRA 250GR;1734,6;1;OROSOL;1470
661;MAIZ PIRA 500GR;2301;1;VARIOS;1950
662;MAIZENA 90GR;2023,7;1;MG;1715
663;MAIZENA DISPLAY X18 AREQUIPE;17688,2;18;VARIOS;14990
664;MAIZENA DISPLAY X18 FRESA;17688,2;18;VARIOS;14990
665;MAIZENA DISPLAY X18 VAINILLA;17110;18;VARIOS;14500
666;MAIZENA LOTERO X18;16520;18;MG;14000
667;MANGOOS;4366;48;DISNEY;3700
668;MANO CELOFAN TRANSPARENTE;8470;25;VITORIA;7000
669;MANO CREPE;4114;10;VITORIA;3400
670;MANO KRAF;4356;25;VITORIA;3600
671;MANO PAPEL SEDA;3025;25;VITORIA;2500
672;MANO PERIODICO;4477;25;VITORIA;3700
673;MANTECA DE CACAO;2420;12;VITORIA;2000
674;MAQUINA DORCO PAQ X5 *6;9801;6;VITORIA;8100
675;MARCADOR PERMANENTE OFFIESCO SURTIDO;17424;12;VITORIA;14400
676;MATRIX;6600;12;OROSOL;5500
677;MAX COMBI;5369;100;DISNEY;4550
678;MAX COMBI BARRA;4543;24;DISNEY;3850
679;MAX MINI ACID X12;5487;12;DISNEY;4650
680;MAYONESA FRUCO;11062,5;12;MG;9375
681;MAYONESA FRUCO 150GR;1862,04;1;MG;1578
682;MAYONESA FRUCO.;10350;12;MG;8800
683;MAYONESA SAN JORGE;12744;12;MONTEVERDE;10800
684;MEGA CHOCO KRISPIS;3068;1;OROSOL;2600
685;MEGA FROOD LOOPS;3174,2;1;OROSOL ;2690
686;MEGA TRULULU;1416;1;DISNEY;1200
687;MEGA TRULULU CAJA X24;33040;24;MONTEVERDE;28000
688;MEGA ZUCARITAS;3068;1;MG;2600
689;MENTA CHAO TUBO FRESA LIMON;7480,02;12;MONTEVERDE;6339
690;MENTA HELADA;4897;100;DISNEY;4150
691;MENTA HELADA SURTIDA;4897;100;DISNEY;4150
692;MENTA KOLA SURTIDA;3894;100;MONTEVERDE;3300
693;METRO COSTURA X12;6000;12;VITORIA;5000
694;MEZCLADORES;936;1;OROSOL;780
695;MICROPORE 1/2 *5 X6;8280;6;VITORIA;6900
696;MICROPUNTAS FABER SURTIDO;12240;10;VITORIA;10200
697;MICROPUNTAS OFFI-ESCO SURTIDO;7440;12;VITORIA;6200
698;MICROPUNTAS PK AZUL;9600;10;VITORIA;8000
699;MICROPUNTAS PK NEGRO;9600;10;VITORIA;8000
700;MICROPUNTAS PK ROJO;9600;10;VITORIA;8000
701;MICROPUNTAS PK VERDE;9600;10;VITORIA;8000
702;MIEL GRANDE SOBRES X30;13200;1;VARIOS;11000
703;MIEL SOBRES X40;6000;40;VARIOS;5000
704;MINAS FABER CASTEL 0.5 X12;12240;12;VITORIA;10200
705;MINI AGENDAS X6;5400;6;VITORIA;4500
706;MINI AJEDREZ;2400;1;VITORIA;2000
707;MINI BUM X100;6549;100;DISNEY;5550
708;MINI COSEDORA;3000;1;VITORIA;2500
709;MINI GLACITAS CHOCOLATE X12;0;12;MONTEVERDE;0
710;MINI GLACITAS TOFFE X12;0;12;MONTEVERDE;0
711;MOCO DE GORILA 270GR;8201;1;MG;6950
712;MOCO DE GORILA 340GR;10195,2;1;MG;8640
713;MORITAS RELLENAS;4012;100;DISNEY;3400
714;MUU CREMA;2832;12;DISNEY;2400
715;MUU LECHE MANTEQUILLA;4543;12;MONTEVERDE;3850
716;MUU SANDWICH AVENA;3717;12;MONTEVERDE;3150
717;MUU SANDWICH CHOCOLATE;3717;12;MONTEVERDE;3150
718;MUU SANDWICH FRESA;3717;12;MONTEVERDE;3150
719;NAILEN #1;5760;1;VITORIA;4800
720;NAILEN #2;5760;1;VITORIA;4800
721;NAILEN #3;5760;1;VITORIA;4800
722;NAILEN #4;5760;1;VITORIA;4800
723;NAILEN #5;5760;1;VITORIA;4800
724;NAIPE ESPAÑOL ECONOMICO;900;1;VITORIA;750
725;NATILLA ABUELA AREQUIPE;4897;1;OROSOL;4150
726;NATILLA ABUELA TRADICIONAL;4897;1;OROSOL;4150
727;NORAVER GARGANTA;14396;0;MG;12200
728;NORAVER GRIPA CAPSULA X16;21771;16;MG;18450
729;NOSOTRAS CLASICA;4248;1;OROSOL;3600
730;NOSOTRAS CLASICA DISP;9600;30;MG;8000
731;NOSOTRAS CLASICA PRO *15 X3;4979,6;6;OROSOL;4220
732;NOSOTRAS MULTIESTILO PRO;12000;150;VARIOS;10000
733;NOSOTRAS NATURAL x120;14388;120;OROSOL;11990
734;NOSOTRAS NOCHE;3186;1;OROSOL;2700
735;NOSOTRAS NOCHE DISP;11210;30;VARIOS;9500
736;NOSOTRAS PLUS;3481;1;OROSOL;2950
737;NOSOTRAS PLUS DISP;8732;30;OROSOL;7400
738;NOSOTRAS RAPIGEL;4507,6;1;OROSOL;3820
739;NOSOTRAS RAPIGEL DISP;10404;30;MG;8670
740;NOTAS ADESIVAS COLORES;1560;1;VITORIA;1300
741;NOXPIRIN CAPSULA X48;31860;48;MG;27000
742;NOXPIRIN DIA X24;26550;24;MG;22500
743;NOXPIRIN NOCHE X24;26550;24;MG;22500
744;NUCITA BARQUILLO X12;6018;12;DISNEY;5100
745;NUCITA X18;7198;18;DISNEY;6100
746;NUTRIBELA X12;11670,2;12;OROSOL;9890
747;OFFIESCO BARRA 10GR X6;5400;6;VITORIA;4500
748;OFFIESCO BARRA 21GR X6;9420;6;VITORIA;7850
749;OJOS LOCOS COLORES;4800;20;VITORIA;4000
750;OJOS LOCOS NEGROS;5760;20;VITORIA;4800
751;OKA LOKA ATOMOS;5015;48;MONTEVERDE;4250
752;OKA LOKA CHICLE AQUA;4633,86;50;MONTEVERDE;3927
753;OKA LOKA CHICLE POLVO X12;6844;12;DISNEY;5800
754;OKA LOKA DULCE LINEA;4956;1;MONTEVERDE;4200
755;OKA LOKA FUSION;7080;12;DISNEY;6000
756;OKA LOKA GRAJEADA PEQUEÑA;0;12;MONTEVERDE;0
757;OKA LOKA NANOS GRANDE X12;12036;12;MONTEVERDE;10200
758;OKA LOKA OVNIS x12;6490;12;MONTEVERDE;5500
759;OKA LOKA REVOLCON CHICLE X50;4633,86;50;MONTEVERDE;3927
760;OKA LOKA REVOLCON LINEA;5074;24;MONTEVERDE;4300
761;OREO TUBO;2301;1;MONTEVERDE;1950
762;ORIGAMI 15X15;2400;1;VITORIA;2000
763;ORIGAMI 20X20;2040;1;VITORIA;1700
764;PALILLOS X12;7200;12;MG;6000
765;PALO PALETA;9600;200;VITORIA;8000
766;PALO PALETA COLORES X50;900;200;VITORIA;750
767;PALO PINCHO X100;3000;100;VITORIA;2500
768;PANASONIC ALKALINA AA;3304;1;VITORIA;2800
769;PANASONIC ALKALINA AAA;3304;1;VITORIA;2800
770;PANELA 125GR;19536;40;OROSOL;16280
771;PANELA 220GR;44400;40;OROSOL;37000
772;PANELA 450GR;80400;40;OROSOL;67000
773;PANELA PASTILLADA 450GR;69600;32;OROSOL;58000
774;PANTENE ACONDICIONADOR;7080;12;VARIOS;6000
775;PANTENE RESTAURACION;6844;12;MG;5800
776;PANTENE CREMA;6844;12;MG;5800
777;PAÑAL WINNY ETAPA 2;17877;30;MG;15150
778;PAÑAL WINNY ETAPA 3;23440,7;30;MG;19865
779;PAÑAL WINNY ETAPA 4;32435,84;30;MG;27488
780;PAÑAL WINNY ETAPA 5 ;34269,56;30;MG;29042
781;PAÑITOS PEQUEÑIN X24;2584,2;24;OROSOL;2190
782;PAÑUELOS FAMILIA X10;8201;10;MG;6950
783;PAPEL CELOFAN;7865;25;VITORIA;6500
784;PAPEL FOTOGRAFICO;6897;20;VITORIA;5700
785;PAPEL IRIS 1/8 X20;2117,5;20;VITORIA;1750
786;PAPEL REGALO HOLOGRAMADO;2479,18;10;VITORIA;2101
787;PAPEL REGALO PLIEGO;3206,5;10;VITORIA;2650
788;PAX DIA X12;18880;12;MG;16000
789;PAX DIA X24;37760;24;MG;32000
790;PAX NOCHE X12;18880;12;MG;16000
791;PAX NOCHE X24;36580;24;MG;31000
792;PAX SURTIDO X24;42480;24;MG;36000
793;PEGANTE PAYASITO 20GR;9438;24;VITORIA;7800
794;PEGANTE PAYASITO 40GR X18;9480;18;VITORIA;7900
795;PEGASTICK 40GR;0;0;VITORIA;0
796;PEINE PIOJOS X12;3025;12;VITORIA;2500
797;PEINILLA BOLSILLO;1754,5;12;VITORIA;1450
798;PEINILLA BOLSILLO MANGO;1815;12;VITORIA;1500
799;PEINILLA COLA RATON;4114;12;VITORIA;3400
800;PEINILLA MOJARRA CORTA;4235;12;VITORIA;3500
801;PEINILLA MOJARRA LARGA;6534;12;VITORIA;5400
802;PELIKAN BORRABLE NEGRO;15488;10;VITORIA;12800
803;PELIKAN BORRABLE SURTIDO;15488;10;VITORIA;12800
804;PELIKAN BORRARLE AZUL;15488;10;VITORIA;12800
805;PELIKAN BORRARLE ROJO;15488;10;VITORIA;12800
806;PELIKAN BORRARLE VERDE;15488;10;VITORIA;12800
807;PELIKAN PERMANENTE AZUL;9922;10;VITORIA;8200
808;PELIKAN PERMANENTE NEGRO;9922;10;VITORIA;8200
809;PELIKAN PERMANENTE ROJO;9922;10;VITORIA;8200
810;PELIKAN PERMANENTE SURTIDO;9922;10;VITORIA;8200
811;PELIKAN PERMANENTE VERDE ;9922;10;VITORIA;8200
812;PELOTA ANTIESTRES X12;14036;12;VITORIA;11600
813;PERFILADORES X2;1089;1;VITORIA;900
814;PERFORADORA 1 HUECO;3388;1;VITORIA;2800
815;PERFORADORA 2 HUECOS MAE;5445;1;VITORIA;4500
816;PERGAMINO 115GR;11676,5;50;VITORIA;9650
817;PERGAMINO 180GR;14520;50;VITORIA;12000
818;PERGAMINO 90GR;9075;50;VITORIA;7500
819;PESTAÑINA LUZETTE NEGRA;4961;1;VITORIA;4100
820;PILA EVEREADY AA;13252,58;10;MG;11231
821;PILA EVEREADY AAA;13252,58;10;MG;11231
822;PILA PANASONIC AA;13452;10;MG;11400
823;PILA PANASONIC AAA;13688;10;MG;11600
824;PIMIENTA 13GR;7434;25;OROSOL;6300
825;PIMPON X100;6655;100;VITORIA;5500
826;PIN POP GIGANTE;5310;24;DISNEY;4500
827;PIN POP SURTIDO;4720;24;DISNEY;4000
828;PINCEL #10 X6;8712;6;VITORIA;7200
829;PINCEL #12 X6;10890;6;VITORIA;9000
830;PINCEL #2 X12;6171;12;VITORIA;5100
831;PINCEL #4 X6;3267;6;VITORIA;2700
832;PINCEL #6 X6;4719;6;VITORIA;3900
833;PINCEL #7 X6;5082;12;VITORIA;4200
834;PINCEL #8 X6;5664;6;DISNEY;4800
835;PINCEL SURTIDO X12;7800;12;VITORIA;6500
836;PINTUCARITAS X6;2880;6;VITORIA;2400
837;PIRULITO SURTIDO;2832;24;DISNEY;2400
838;PISTOLA SILICONA PEQUEÑA;7018;1;VITORIA;5800
839;PITILLOS;3025;500;LIDER;2500
840;PITILLOS INDIVIDUALES;7260;500;LIDER;6000
841;PITO COLORES PAQ X20;5445;20;VITORIA;4500
842;PLASTILINA 13UND LARGA X3;5263,5;3;VITORIA;4350
843;PLASTILINA BARRA X12;5263,5;12;VITORIA;4350
844;PLASTILINA MEDIANA X6;6171;6;VITORIA;5100
845;PLASTILINA PEQUEÑA X6;3085,5;6;VITORIA;2550
846;PLATO 12 ONZ ONDO;2662;7;VITORIA;2200
847;PLATO 15,5CM;1936;1;OROSOL;1600
848;PLATO 18CM;2420;1;LIDER;2000
849;PLATO 20CM;3993;1;LIDER;3300
850;PLATO 23CM;4174,5;1;OROSOL;3450
851;PLATO 26CM;5469,2;1;OROSOL;4520
852;PLATO PLASTICO 15,5CM;1936;1;OROSOL;1600
853;PLATO SOPERO;4755,3;1;OROSOL;3930
854;PLUMON OFFIESCO JUMBO;6490;12;VITORIA;5500
855;PLUMONES ECONOMICOS;1694;1;VITORIA;1400
856;PLUMONES PELIKAN;5384,5;12;VITORIA;4450
857;POKER ECONOMICO;3025;1;VITORIA;2500
858;PONDS ACLARANTE;14160;10;MG;12000
859;PONDS CREMA C;14160;10;MG;12000
860;PONDS HIDRATANTE;13098;10;MG;11100
861;PONDS REJUVENES;13098;10;MG;11100
862;PONQUE PONKY X8;5428;8;MG;4600
863;PORTAMINAS ECONOMICOS X12;8349;12;VITORIA;6900
864;PORTAMINAS FRUTAS;3630;12;VITORIA;3000
865;PRESTOBARBA JGB X12;10266;12;MG;8700
866;PRESTOBARBA MINORA X12;16520;12;MG;14000
867;PROMASA BLANCA LIBRA X3;6442,8;3;OROSOL;5460
868;PROTECTOR SOLAR ARAWAK ADULTO;12100;8;VITORIA;10000
869;PROTECTORES KOTEX X150;12456,08;1;MG;10556
870;PROTEX AVENA X3;6490;3;MG;5500
871;PROTEX COMPLETE X3;6490;3;MG;5500
872;PROTEX HERBAL X3;6490;3;MG;5500
873;PROTEX LIMPIEZA X3;6490;3;MG;5500
874;PROTEX OMEGA X3;6490;3;MG;5500
875;PROTEX VITAMINA X3;6490;3;MG;5500
876;QUIPITOS DISPLAY X24;11682;24;OROSOL;9900
877;RAID PASTILLA X84;25200;84;MG;21000
878;RAMA CUBOS X24;18856,4;24;OROSOL;15980
879;RECOGEDOR;1652;1;LIDER;1400
880;REGLA METALICA 30CM X6;6120;6;VITORIA;5100
881;REGLAS 30CM X12;5040;12;VITORIA;4200
882;REMOVEDOR ECONOMICO X12;12036;12;VITORIA;10200
883;REMOVEDOR ECONOMICO X6;6018;6;VITORIA;5100
884;REMOVEDOR LANDER;3481;1;VITORIA;2950
885;REMOVEDOR LANDER VITAMINA;3540;1;VITORIA;3000
886;REPUESTO BISTURI GRANDE X10;1320;1;VITORIA;1100
887;RESALTADOR OFFIESCO SURTIDO X10;14400;10;VITORIA;12000
888;RESALTADOR PELIKAN X10;12600;10;VARIOS;10500
889;RESALTADOR SURTIDO X10;12600;10;VITORIA;10500
890;RESALTADORES POINTER X10;12420;10;VITORIA;10350
891;RESMA PAPEL CARTA;12000;500;VITORIA;10000
892;RESMA PAPEL OFICIO;14400;500;VITORIA;12000
893;REVOLCON DULCE X50;4602;50;DISNEY;3900
894;REXONA CLINICAL;12390;20;MG;10500
895;RICATO CARAMELO X50;4602;1;DISNEY;3900
896;RINDEX 125GR;731,6;1;MG;620
897;RINDEX 200GR;1829;1;MG;1550
898;RINDEX 2KG;12331;1;OROSOL;10450
899;RINDEX 400GR;2442,6;1;MG;2070
900;RINDEX 800GR;5664;1;MG;4800
901;ROLLO PAPEL TORNASOL;4080;10;VITORIA;3400
902;ROLLO TIQUETEADORA BLANCO;5520;6;VITORIA;4600
903;ROPA COLOR 200ML X6;3422;6;MG;2900
904;ROPA COLOR 400ML X6;7375;6;MG;6250
905;ROSAL 2 EN 1 X18;14927;18;OROSOL;12650
906;ROSAL SUPER ROLLO X12;19529;12;OROSOL;16550
907;SAL DE FRUTAS LUA;36580;20;VARIOS;31000
908;SAL DE FRUTAS LUA COMBO;49560;20;MG;42000
909;SALSA BBQ;11587,6;12;OROSOL;9820
910;SALSA BBQ FRUCO;11997,06;12;OROSOL;10167
911;SALSA DE TOMATE 150GR;1862,04;1;OROSOL;1578
912;SALSA DE TOMATE FRUCO;10915;12;MG;9250
913;SALSA DE TOMATE FRUCO.;10350;12;MG;8800
914;SALSA ROSADA FRUCO;11997,06;12;MG;10167
915;SALSA ROSADA SAN JORGE;10581,06;12;OROSOL;8967
916;SALSINA 13GR;7664,1;25;OROSOL;6495
917;SALSINA PEQUEÑA;1475;24;OROSOL;1250
918;SANPIC CANELA X3;2796,6;3;VARIOS;2370
919;SANPIC FLORES X3;2796,6;3;VARIOS;2370
920;SANPIC LAVANDA X3;2796,6;3;VARIOS;2370
921;SANPIC VAINILLA X3;2796,6;3;VARIOS;2370
922;SARDINA ECONOMICA OVALADA;4838;1;MG;4100
923;SARDINA ECONOMICA TINAPA;2537;1;MG;2150
924;SARDINA SOBERANA TINAPA;2942,92;1;OROSOL;2494
925;SARDINA SOBERANA OVALADA;5900;1;OROSOL;5000
926;SAVITAL ACONDICIONADOR;12378,2;20;OROSOL;10490
927;SAVITAL CREMA;12378,2;20;OROSOL;10490
928;SAVITAL SHAMPO;11800;20;OROSOL;10000
929;SCOTT MAXI X15;22425,9;30;MG;19005
930;SCOTT RINDE MAX X24;21240;24;MG;18000
931;SEDAL ACOND CERAMIDAS;12980;20;MG;11000
932;SEDAL CERAMIDAS;12980;20;MG;11000
933;SEDAL DUO;12154;20;MG;10300
934;SEDAL KERATINA;12980;20;MG;11000
935;SEDAL KERATINA ACOND;12980;20;MG;11000
936;SEDAL KERATINA CREMA;12980;20;MG;11000
937;SEDAL RIZOS CREMA;12154;20;MG;10300
938;SEPARADOR PLASTICO 105;1298;1;MG;1100
939;SEPARADOR PLASTICO OFICIO;1416;1;MG;1200
940;SERPENTINA ECONOMICA;302,5;1;VITORIA;250
941;SERPENTINA SATINADA X3;1694;1;VITORIA;1400
942;SERVILLETA DOBLE RENDIPEL;3068;1;LIDER;2600
943;SERVILLETA ELITE 320 X15;41300;15;LIDER;35000
944;SERVILLETA ELITE 320;2994,75;1;VARIOS;2475
945;SERVILLETA FAMILIA SENCILLA;2124;150;VARIOS;1800
946;SERVILLETA FAVORITA 320;2832;15;OROSOL;2400
947;SEVEDOL EXTRA FUERTE X24;23600;24;MG;20000
948;SHAMPOO JHONSONS;9440;1;MG;8000
949;SHARPIE NEGRO X6;13794;6;VITORIA;11400
950;SHARPIE SURTIDO X6;13431;6;VITORIA;11100
951;SHICK VERDE 3 HOJAS;24896,82;0;MG;21099
952;SHICK VERDE 3 XTREME;22892;12;MG;19400
953;SILICONA DELGADA 1KG;19965;56;VITORIA;16500
954;SILICONA GRUESA 1KG;21175;28;VITORIA;17500
955;SILICONA LIQUIDA GRANDE X6;14157;6;VITORIA;11700
956;SILICONA LIQUIDA MEDIANA X6;10527;6;VITORIA;8700
957;SILICONA LIQUIDA PEQUEÑA X6;6050;6;VITORIA;5000
958;SILUETA 1/8;847;20;VITORIA;700
959;SIPEGA 125GR x6;8470;6;VITORIA;7000
960;SIPEGA 20GR;10648;24;VITORIA;8800
961;SIPEGA 250GR X6;13915;6;VITORIA;11500
962;SIPEGA 40GR;11132;18;VITORIA;9200
963;SIPEGA BARRA 15GR X6;9438;6;VITORIA;7800
964;SIPEGA BARRA 25GR X6;13794;6;VITORIA;11400
965;SIPEGA BARRA 8GR X6;6751,8;6;VITORIA;5580
966;SOBRE DE MANILA CARTA;7623;100;VITORIA;6300
967;SOBRE DE MANILA OFICIO;8712;100;VITORIA;7200
968;SOBRE MANILA 1/2 CARTA;6050;100;VITORIA;5000
969;SOBRE MANILA RADIOGRAFIA;18452,5;100;VITORIA;15250
970;SOBRE NOMINA BLANCO;4114;100;VITORIA;3400
971;SUAVITEL 110ML;6112,4;12;OROSOL;5180
972;SUAVITEL 210ML COMPLETE X3;3109,3;3;MG;2635
973;SUAVITEL 210ML FLORAL X3;3249,72;3;OROSOL;2754
974;SUAVITEL 210ML FRESA CHOCOLATE X3;3249,72;3;OROSOL;2754
975;SUAVITEL 400ML;2466,2;1;MG;2090
976;SUAVITEL 50ML;3835;12;MG;3250
977;SOPA DE LETRAS;1180;13;MG;1000
978;SPARKIES FRUTAS;14868;20;DISNEY;12600
979;SPARKIES LINEA;6608;70;MG;5600
980;SPARKIES LINEA.;6254;70;MG;5300
981;SPEED STICK CLINICAL;11800;18;MG;10000
982;SPEED STICK COLAPXIBLE;2596;1;MG;2200
983;SPEED STICK CREMA;11800;18;MG;10000
984;SPEED STICK GEL;12120;18;MG;10100
985;SPLOT LINEA;6136;24;DISNEY;5200
986;SPLOT PEPA;6254;100;MONTEVERDE ;5300
987;SPLOT SANDIA ACID;4720;50;DISNEY;4000
988;SPLOT MANGO ACID;4720;50;DISNEY;4000
989;SPLOT TATTO X120;9558;120;DISNEY;8100
990;SUPER BONDER;3000;1;VITORIA;2500
991;SUPER GLU MACAO VERDE X12;7200;12;VITORIA;6000
992;SUPER GLU;4200;12;MG;3500
993;SUPER HIPER ACIDO POLVO ACIDO X80;6480;80;DISNEY;5400
994;SUPER HIPER ACIDO X100;8850;100;DISNEY;7500
995;SUPERCOCO TURUDITO;8437;50;DISNEY;7150
996;TABLA PERIODICA GRANDE;5820;12;VITORIA;4850
997;TABLA PERIODICA PEQUEÑA;2880;12;VITORIA;2400
998;TACO PAPEL X6;6120;6;VITORIA;5100
999;TAJALAPIZ DEPOSITO PEQUEÑO X12;6600;12;VITORIA;5500
1000;TAJALAPIZ METALICO X24;5760;24;VITORIA;4800
1001;TAJALAPIZ PLASTICO X24;2040;24;VITORIA;1700
1002;TAJALAPIZ PRIMAVERAL X24;15600;24;VITORIA;13000
1003;TAJALAPIZ RADIO;3420;24;VITORIA;2850
1004;TALONARIO DE RIFA GRANDE;1320;1;VITORIA;1100
1005;TALONARIO DE RIFA PEQUEÑO;936;1;VITORIA;780
1006;TAPABOCAS AZUL;0;1;VITORIA;0
1007;TAPABOCAS INFANTIL;15600;1;VARIOS;13000
1008;TAPABOCAS x50;12000;50;MG;10000
1009;TARJETA DE-PARA ESCARCHADA GRANDE;2700;0;VITORIA;2250
1010;TARJETA DE-PARA GRANDE;2700;50;VITORIA;2250
1011;TARRITO ROJO 135GR;6549;1;MG;5550
1012;TARRITO ROJO 330GR;14750;1;MG;12500
1013;TARRITO ROJO SOBRES X6;5900;6;MG;5000
1014;TE HINDU FRUTOS ROJOS X20;8378;20;OROSOL;7100
1015;TE HINDU ORIGINAL X100;19133,7;100;MONTEVERDE;16215
1016;TE HINDU ORIGINAL X12;2916,96;12;MONTEVERDE;2472
1017;TE HINDU ORIGINAL X25;5079,9;25;MONTEVERDE;4305
1018;TE HINDU ORIGINAL X50;10018,2;50;MONTEVERDE;8490
1019;TE HINDU VERDE X20;8732;20;OROSOL;7400
1020;TEMPERA PAYASITO 28GR;348;1;VITORIA;290
1021;TEMPERA PINTORCITO X6;1800;1;VITORIA;1500
1022;TEMPERA PAYASITO X6;1936;2;VITORIA;1600
1023;TENEDOR GRANDE X100;3600;100;LIDER;3000
1024;TENEDOR GRANDE X20;1080;20;LIDER;900
1025;TENEDOR PEQUEÑO X100;2160;100;LIDER;1800
1026;TENEDOR PEQUEÑO X20;900;20;LIDER;750
1027;"TIJERA MAE 6"" OFICINA";3540;1;VARIOS;2950
1028;TIJERAS PELUQUERO X12;7562,5;12;VITORIA;6250
1029;TIJERAS PLEGABLES X24;16940;24;VITORIA;14000
1030;TIJERAS PUNTA ROMA X12;7260;12;VITORIA;6000
1031;TIZA BLANCA;4840;100;VITORIA;4000
1032;TIZA COLORES;4840;100;VITORIA;4000
1033;TIZA MODISTERIA TRIANGULAR SURTIDA;5142,5;10;VITORIA;4250
1034;TRANSPORTADOR 180 X12;7260;12;VITORIA;6000
1035;TRANSPORTADOR 360 X6;5445;6;VITORIA;4500
1036;TRAPERO 1000GR;6050;1;LIDER;5000
1037;TRAPERO 500GR;4356;1;LIDER;3600
1038;TRAPERO 800GR;5040,86;1;LIDER;4166
1039;TRIDENT X18 SURTIDO;16773,7;18;MONTEVERDE;14215
1040;TRIDENT X18 SURTIDO.;16461;18;MONTEVERDE;13950
1041;TRIDENT X24 FRESH;12862;24;MONTEVERDE;10900
1042;TRIDENT X24 MENTA;12862;24;MONTEVERDE;10900
1043;TRIDENT X24 MORA;12862;24;MONTEVERDE;10900
1044;TRIDENT X24 SANDIA;12862;24;MONTEVERDE;10900
1045;TRIDENT X24 SURTIDO;12862;24;DISNEY;10900
1046;TRIDENT X24 SURTIDO.;12331;24;DISNEY;10450
1047;TRIDENT X60 SURTIDO;10144,46;60;MONTEVERDE;8597
1048;TRIDENT X60 SURTIDO.;9593,4;60;MONTEVERDE;8130
1049;TRULULU AROS;9322;100;DISNEY;7900
1050;TRULULU AROS.;9086;100;DISNEY;7700
1051;TRULULU FEROZ X50;17110;50;MONTEVERDE;14500
1052;TRULULU GUSANOS;10433,56;200;MONTEVERDE;8842
1053;TRULULU OSOS;12803;50;OROSOL;10850
1054;TRULULU PINGUINOS;11269;150;MONTEVERDE;9550
1055;TRULULU RETRO X100;4130;100;DISNEY;3500
1056;TRULULU SABORES;7552;12;MONTEVERDE;6400
1057;TRULULU SABORES LINEA;6243,38;24;DISNEY;5291
1058;TRULULU TORTUGAS;9558;100;DISNEY;8100
1059;TUMIX MENTA;7493;100;DISNEY;6350
1060;TUMIX PLATEADO;7493;100;DISNEY;6350
1061;TUMIX SURTIDO;7434;100;OROSOL;6300
1062;TUMIX SURTIDO X300;22645,38;300;MONTEVERDE;19191
1063;TUMIX X20 SURTIDO;9027;20;MONTEVERDE;7650
1064;TEMPERA PAYASITO NEON CAJA X6;3751;6;VITORIA;3100
1065;UVAS PASAS GRANDE TIRA X30;13310;30;VARIOS;11000
1066;VANISH 300ML BLANCO;2065;1;MG;1750
1067;VANISH 300ML COLOR;1840,8;1;MG;1560
1068;VANISH LIQ BLANCO 130ML X6;6903;6;MG;5850
1069;VANISH LIQ COLOR 130ML X6;6903;6;MG;5850
1070;VANISH POLVO BLANCO;11800;12;MG;10000
1071;VANISH POLVO COLOR;11800;12;MG;10000
1072;VARTA AA;14220;10;MG;11850
1073;VARTA AAA;14220;10;MG;11850
1074;VASELINA BLANCA;3000;12;VITORIA;2500
1075;VASELINA COLORES;3600;12;VITORIA;3000
1076;VASO 1 ONZ;1500;1;VARIOS;1250
1077;VASO 12 ONZ;5664;1;VARIOS;4800
1078;VASO 3,5 ONZ;1800;1;LIDER;1500
1079;VASO 4 ONZ ICOPOR;2124;1;OROSOL;1800
1080;VASO 5 ONZ CAMPEON;1620;1;VARIOS;1350
1081;VASO 5 ONZ LIDER;1920;1;LIDER;1600
1082;VASO 5 ONZ CAJA X60;94400;1;VARIOS;80000
1083;VASO 5 ONZ COLERO;2065;1;LIDER;1750
1084;VASO 5 ONZ COLERO CAMPEON;0;1;LIDER;1400
1085;VASO 5,5 ONZ LIDER;1740;1;VARIOS;1450
1086;VASO 6 ONZ ICOPOR;2183;1;OROSOL;1850
1087;VASO 7 ONZ EKO;1800;1;VARIOS;1500
1088;VASO 7 ONZ TUC;2242;1;OROSOL;1900
1089;VASO 7 ONZ TUC BLANCO;2419;1;OROSOL;2050
1090;VASO 7 ONZ VACANO;2065;1;VARIOS;1750
1091;VASO 9 ONZ;4130;1;VARIOS;3500
1092;VELA CUMPLEAÑOS NUMERO X12;5760;1;VARIOS;4800
1093;VELA CUMPLEAÑOS VOLCAN X6;4800;1;VARIOS;4000
1094;VELADORA #2 X12 BLANCA;10030;12;MG;8500
1095;VICK VAPORUB LATA;3960;1;VITORIA;3300
1096;VINILO 125GR;1116;1;VITORIA;930
1097;VINILO 33GR;444;1;VITORIA;370
1098;VINILO 33GR FLUORECENTE;1144,6;1;VITORIA;970
1099;VINILO 80GR;720;1;VITORIA;600
1100;VINILO PERLADO 120ML;4658,5;2;VITORIA;3850
1101;VINIPEL 100M;5160;1;LIDER;4300
1102;VINIPEL 200M;9000;1;LIDER;7500
1103;VINIPEL 20M;1440;1;LIDER;1200
1104;VINILO 125GR FLUORESCENTE;1996,5;1;LIDER;1650
1105;VINIPEL 500M;20400;1;LIDER;17000
1106;VINIPEL 50M;2760;1;LIDER;2300
1107;VINIPEL OSMOTICO 100M;5760;1;LIDER;4800
1108;VINIPEL OSMOTICO 20M;2880;1;LIDER;2400
1109;VINIPEL OSMOTICO 300M;14040;1;LIDER;11700
1110;VIVA PLATANO 100GR X6;7434;6;OROSOL;6300
1111;XTIME CANELA X100;9145;100;DISNEY;7750
1112;XTIME MEGA MENTAS X100;4495,8;100;DISNEY;3810
1113;XTIME MENTA FUERTE X100;9145;100;DISNEY;7750
1114;XTIME MENTA X100;9145;100;DISNEY;7750
1115;XTIME MOJITO X100;9145;100;DISNEY;7750
1116;XTIME SANDIA X100;9145;100;DISNEY;7750
1117;XTIME SURTIDO X100;9145;100;OROSOL;7750
1118;XTIME YERBABUENA X100;9145;100;DISNEY;7750
1119;YOGUETA SURTIDA;5133;24;DISNEY;4350
1120;ZUCARITAS;7080;8;OROSOL;6000
1121;HILO MEGA X12;7560;1;VARIOS;6300
1122;TRAPERO 1000GR SIN PALO;4543;1;VARIOS;3850
1123;TOALLA #2 X6;7080;6;VARIOS;6000
1124;UÑAS ADORO NATURAL CORTAS;13200;1;VITORIA;11000
1125;TIJERA MAE ESCOLAR;1500;40;VITORIA;1250
1126;ACETAMINOFEN JARABE;1920;24;VARIOS;1600
1127;RICOSTILLA CUBOS X60;17216,2;1;OROSOL;14590
1128;PONKY LECHE VAINILLA X8;5334,78;24;MONTEVERDE;4521
1129;PONKY NUCITA X8;5334,78;6;MONTEVERDE;4521
1130;PONKY CHOCOLATE X8;5334,78;6;MONTEVERDE;4521
1131;PONKY FRESA X8;5334,78;6;MONTEVERDE;4521
1132;GLOBO R-12 METALIZADO X50;10800;24;VITORIA;9000
1133;CAFE SELLO ROJO 125GR;3127;100;OROSOL;2650
1134;TRAPERO 800GR SIN PALO;3720;1;LIDER;3100
1135;MASMELOS MILLOWS X50;4914;0;MONTEVERDE;4200
1136;CANELA ASTILLADA PEQUEÑA X100;26000;0;OROSOL;10670
1137;CANELA ASTILLADA MEDIANA X50;28800;0;OROSOL;24600
1138;MIEL SOBRES MEDIANA X50;18830;0;OROSOL;0
1139;DULCE BIG BEN X100;8950;0;MONTEVERDE;0
1140;SUPER HIPER ACIDO LIQUIDO;9500;0;DISNEY;0
1141;OKA LOKA NANOS X24;9450;0;MONTEVERDE;0
1142;"MICROPORE CUREBAND 1/2""";2850;0;VITORIA;0
1143;AZUCAR BLANCA LIBRA X25;47000;0;OROSOL;0
1144;COLCAFE CLASICO X10;8580;0;MONTEVERDE;0
1145;CINTA AISLANTE COLORES X10;8400;0;VITORIA;0
1146;CINTA COLBON 40M;2040;0;VITORIA;0
1147;FRUNAS MEGA X18;5850;0;DISNEY;0
1148;CALVO PEQUEÑO X100;16600;0;OROSOL;0
1149;BOLA ICOPOR #8 X50;9600;0;VITORIA;0
1150;PINCEL #9 X6;6336;0;VITORIA;0
1151;UVAS PASAS MEDIANA X30;15034;0;OROSOL;0
1152;SIPEGA BARRA 40GR;3120;0;VITORIA;0
1153;GOMAS TROLLI;8850;0;DISNEY;0
1154;CHOCO BALL;4500;0;DISNEY;0
1155;BIANCHI BALL;5700;0;DISNEY;0
1156;MIEL PEQUEÑA X50;8200;0;OROSOL;0
1157;PEGANTE 1KG PAYASITO;8000;0;VITORIA;0
1158;CINTA DOBLE FAX;2300;0;VITORIA;1900
1159;SUNTEA MARACUYA X12;12460;0;VITORIA;0
1160;CAFE SELLO ROJO 250GR;6150;0;VITORIA;0
